customer_id,customer_name,email_address,phone_number,customer_since
CUST0001,Casey Briar,casey.briar1@example.test,+1-555-859-5506,2023-05-17
CUST0002,Morgan Dale,morgan.dale2@example.test,+1-555-854-2679,2025-10-17
CUST0003,Rowan Cove,rowan.cove3@example.test,+1-555-704-7912,2022-03-07
CUST0004,Avery Cove,avery.cove4@example.test,+1-555-323-4811,2024-10-31
CUST0005,Skyler Briar,skyler.briar5@example.test,+1-555-674-4257,2025-08-23
CUST0006,Rowan Hollow,rowan.hollow6@example.test,+1-555-325-8359,2025-04-21
CUST0007,Riley Briar,riley.briar7@example.test,+1-555-877-3615,2025-11-30
CUST0008,Jamie Grove,jamie.grove8@example.test,+1-555-384-3547,2023-03-17
CUST0009,Taylor Cove,taylor.cove9@example.test,+1-555-194-7224,2022-07-18
CUST0010,Taylor Grove,taylor.grove10@example.test,+1-555-718-5333,2022-03-30
CUST0011,Quinn Juniper,quinn.juniper11@example.test,+1-555-227-7201,2022-06-11
CUST0012,Rowan Fern,rowan.fern12@example.test,+1-555-949-6925,2025-03-28
CUST0013,Morgan Cove,morgan.cove13@example.test,+1-555-146-4733,2023-08-16
CUST0014,Casey Ember,casey.ember14@example.test,+1-555-987-2654,2024-02-18
CUST0015,Riley Ivy,riley.ivy15@example.test,+1-555-750-6977,2022-11-30
CUST0016,Taylor Grove,taylor.grove16@example.test,+1-555-314-5374,2025-12-08
CUST0017,Casey Lark,casey.lark17@example.test,+1-555-750-3803,2024-12-29
CUST0018,Morgan Dale,morgan.dale18@example.test,+1-555-573-7216,2023-07-07
CUST0019,Rowan Ember,rowan.ember19@example.test,+1-555-801-6313,2022-04-25
CUST0020,Morgan Briar,morgan.briar20@example.test,+1-555-924-6168,2024-04-01
CUST0021,Riley Cove,riley.cove21@example.test,+1-555-316-6155,2023-03-12
CUST0022,Quinn Hollow,quinn.hollow22@example.test,+1-555-758-8517,2022-10-20
CUST0023,Riley Dale,riley.dale23@example.test,+1-555-352-9830,2023-06-23
CUST0024,Skyler Hollow,skyler.hollow24@example.test,+1-555-697-7543,2024-01-12
CUST0025,Morgan Dale,morgan.dale25@example.test,+1-555-621-9085,2022-07-06
CUST0026,Avery Cove,avery.cove26@example.test,+1-555-256-3621,2025-10-25
CUST0027,Jamie Lark,jamie.lark27@example.test,+1-555-165-7304,2024-02-21
CUST0028,Skyler Ivy,skyler.ivy28@example.test,+1-555-641-5119,2025-02-07
CUST0029,Avery Cove,avery.cove29@example.test,+1-555-798-9797,2023-07-01
CUST0030,Taylor Cove,taylor.cove30@example.test,+1-555-400-8123,2022-11-20
CUST0031,Quinn Briar,quinn.briar31@example.test,+1-555-839-5315,2024-10-22
CUST0032,Jordan Juniper,jordan.juniper32@example.test,+1-555-208-5889,2025-08-01
CUST0033,Rowan Lark,rowan.lark33@example.test,+1-555-303-3504,2024-02-05
CUST0034,Jordan Juniper,jordan.juniper34@example.test,+1-555-897-9689,2022-01-02
CUST0035,Skyler Grove,skyler.grove35@example.test,+1-555-600-1319,2022-08-18
CUST0036,Taylor Fern,taylor.fern36@example.test,+1-555-345-1949,2023-05-09
CUST0037,Skyler Cove,skyler.cove37@example.test,+1-555-187-8962,2022-05-22
CUST0038,Rowan Dale,rowan.dale38@example.test,+1-555-231-8787,2025-01-30
CUST0039,Jordan Fern,jordan.fern39@example.test,+1-555-640-7932,2023-03-10
CUST0040,Rowan Ember,rowan.ember40@example.test,+1-555-830-6107,2024-03-28
CUST0041,Taylor Ivy,taylor.ivy41@example.test,+1-555-629-8397,2022-09-05
CUST0042,Morgan Ember,morgan.ember42@example.test,+1-555-165-6539,2022-02-13
CUST0043,Skyler Juniper,skyler.juniper43@example.test,+1-555-335-4608,2022-01-15
CUST0044,Casey Briar,casey.briar44@example.test,+1-555-334-2104,2022-03-06
CUST0045,Taylor Cove,taylor.cove45@example.test,+1-555-626-4899,2023-07-25
CUST0046,Quinn Ember,quinn.ember46@example.test,+1-555-652-3167,2025-03-15
CUST0047,Skyler Ivy,skyler.ivy47@example.test,+1-555-348-8749,2024-04-13
CUST0048,Morgan Cove,morgan.cove48@example.test,+1-555-199-8062,2023-12-27
CUST0049,Jamie Hollow,jamie.hollow49@example.test,+1-555-578-1887,2025-10-11
CUST0050,Casey Briar,casey.briar50@example.test,+1-555-512-6559,2022-08-12
CUST0051,Morgan Ember,morgan.ember51@example.test,+1-555-294-9786,2024-07-07
CUST0052,Jordan Hollow,jordan.hollow52@example.test,+1-555-287-5563,2024-08-05
CUST0053,Morgan Cove,morgan.cove53@example.test,+1-555-553-2604,2022-04-14
CUST0054,Rowan Briar,rowan.briar54@example.test,+1-555-195-4872,2022-12-07
CUST0055,Jamie Ivy,jamie.ivy55@example.test,+1-555-592-4502,2024-04-01
CUST0056,Avery Dale,avery.dale56@example.test,+1-555-488-1035,2024-03-10
CUST0057,Riley Ivy,riley.ivy57@example.test,+1-555-392-7930,2025-11-27
CUST0058,Rowan Ivy,rowan.ivy58@example.test,+1-555-258-4111,2023-08-31
CUST0059,Morgan Briar,morgan.briar59@example.test,+1-555-693-9883,2022-05-05
CUST0060,Taylor Briar,taylor.briar60@example.test,+1-555-151-8811,2024-10-26
CUST0061,Rowan Dale,rowan.dale61@example.test,+1-555-158-9320,2022-06-14
CUST0062,Jordan Cove,jordan.cove62@example.test,+1-555-709-2113,2025-10-14
CUST0063,Morgan Hollow,morgan.hollow63@example.test,+1-555-222-5033,2025-03-31
CUST0064,Skyler Briar,skyler.briar64@example.test,+1-555-734-2343,2024-05-08
CUST0065,Skyler Lark,skyler.lark65@example.test,+1-555-635-6183,2023-06-19
CUST0066,Morgan Grove,morgan.grove66@example.test,+1-555-344-5351,2024-03-21
CUST0067,Jordan Fern,jordan.fern67@example.test,+1-555-568-6180,2022-05-29
CUST0068,Avery Ivy,avery.ivy68@example.test,+1-555-736-2638,2022-05-31
CUST0069,Rowan Ember,rowan.ember69@example.test,+1-555-618-5345,2022-09-29
CUST0070,Taylor Cove,taylor.cove70@example.test,+1-555-350-7054,2023-08-07
CUST0071,Jordan Ivy,jordan.ivy71@example.test,+1-555-953-9900,2025-12-11
CUST0072,Riley Lark,riley.lark72@example.test,+1-555-926-9666,2022-01-17
CUST0073,Rowan Fern,rowan.fern73@example.test,+1-555-779-2697,2022-10-03
CUST0074,Riley Cove,riley.cove74@example.test,+1-555-209-3546,2023-07-12
CUST0075,Riley Lark,riley.lark75@example.test,+1-555-315-6617,2023-02-21
CUST0076,Riley Juniper,riley.juniper76@example.test,+1-555-600-5114,2022-04-15
CUST0077,Casey Hollow,casey.hollow77@example.test,+1-555-949-5533,2022-04-01
CUST0078,Avery Grove,avery.grove78@example.test,+1-555-889-3143,2025-07-28
CUST0079,Riley Dale,riley.dale79@example.test,+1-555-859-8239,2025-02-03
CUST0080,Jamie Juniper,jamie.juniper80@example.test,+1-555-109-2832,2022-06-04
CUST0081,Jordan Juniper,jordan.juniper81@example.test,+1-555-136-7049,2025-04-07
CUST0082,Rowan Dale,rowan.dale82@example.test,+1-555-540-3088,2022-03-27
CUST0083,Riley Grove,riley.grove83@example.test,+1-555-915-1653,2024-01-03
CUST0084,Morgan Ember,morgan.ember84@example.test,+1-555-782-2684,2023-12-26
CUST0085,Rowan Hollow,rowan.hollow85@example.test,+1-555-735-3532,2023-04-30
CUST0086,Jordan Dale,jordan.dale86@example.test,+1-555-522-1406,2023-01-03
CUST0087,Taylor Hollow,taylor.hollow87@example.test,+1-555-921-5065,2023-07-01
CUST0088,Jordan Cove,jordan.cove88@example.test,+1-555-491-1634,2024-08-21
CUST0089,Morgan Ember,morgan.ember89@example.test,+1-555-936-8541,2023-12-18
CUST0090,Riley Ember,riley.ember90@example.test,+1-555-328-1387,2025-09-13
CUST0091,Morgan Hollow,morgan.hollow91@example.test,+1-555-436-5564,2022-05-23
CUST0092,Riley Grove,riley.grove92@example.test,+1-555-756-9346,2024-03-29
CUST0093,Rowan Grove,rowan.grove93@example.test,+1-555-128-2889,2023-06-19
CUST0094,Jordan Lark,jordan.lark94@example.test,+1-555-371-1626,2022-08-11
CUST0095,Skyler Hollow,skyler.hollow95@example.test,+1-555-453-6139,2024-06-12
CUST0096,Skyler Juniper,skyler.juniper96@example.test,+1-555-218-7311,2025-03-26
CUST0097,Morgan Fern,morgan.fern97@example.test,+1-555-145-8144,2022-01-04
CUST0098,Rowan Juniper,rowan.juniper98@example.test,+1-555-803-4228,2024-01-16
CUST0099,Jamie Cove,jamie.cove99@example.test,+1-555-780-6409,2025-06-30
CUST0100,Taylor Cove,taylor.cove100@example.test,+1-555-837-5920,2024-11-04
CUST0101,Riley Hollow,riley.hollow101@example.test,+1-555-434-7592,2025-11-28
CUST0102,Riley Juniper,riley.juniper102@example.test,+1-555-230-4143,2024-05-11
CUST0103,Jamie Dale,jamie.dale103@example.test,+1-555-730-5930,2024-04-11
CUST0104,Rowan Briar,rowan.briar104@example.test,+1-555-411-5700,2023-03-07
CUST0105,Jamie Lark,jamie.lark105@example.test,+1-555-721-6279,2024-08-10
CUST0106,Quinn Ivy,quinn.ivy106@example.test,+1-555-791-4501,2024-11-12
CUST0107,Quinn Dale,quinn.dale107@example.test,+1-555-774-2389,2023-08-05
CUST0108,Rowan Lark,rowan.lark108@example.test,+1-555-443-2530,2023-04-27
CUST0109,Riley Ember,riley.ember109@example.test,+1-555-925-4262,2022-10-29
CUST0110,Avery Briar,avery.briar110@example.test,+1-555-350-8784,2025-06-05
CUST0111,Casey Ivy,casey.ivy111@example.test,+1-555-524-4185,2025-11-27
CUST0112,Jamie Ivy,jamie.ivy112@example.test,+1-555-509-4997,2022-10-30
CUST0113,Avery Cove,avery.cove113@example.test,+1-555-897-7965,2023-03-25
CUST0114,Jordan Juniper,jordan.juniper114@example.test,+1-555-575-1822,2025-02-15
CUST0115,Morgan Cove,morgan.cove115@example.test,+1-555-567-3184,2024-08-09
CUST0116,Rowan Juniper,rowan.juniper116@example.test,+1-555-709-6198,2024-06-25
CUST0117,Skyler Juniper,skyler.juniper117@example.test,+1-555-536-9976,2024-07-02
CUST0118,Jordan Ivy,jordan.ivy118@example.test,+1-555-560-5246,2023-05-22
CUST0119,Riley Juniper,riley.juniper119@example.test,+1-555-596-4919,2023-07-17
CUST0120,Quinn Cove,quinn.cove120@example.test,+1-555-830-5681,2023-04-26
CUST0121,Riley Grove,riley.grove121@example.test,+1-555-427-9849,2022-06-15
CUST0122,Jordan Dale,jordan.dale122@example.test,+1-555-336-7275,2025-11-22
CUST0123,Jordan Ember,jordan.ember123@example.test,+1-555-165-7797,2024-04-14
CUST0124,Taylor Juniper,taylor.juniper124@example.test,+1-555-577-7812,2022-05-08
CUST0125,Morgan Hollow,morgan.hollow125@example.test,+1-555-498-1320,2025-03-25
CUST0126,Jamie Ivy,jamie.ivy126@example.test,+1-555-106-6763,2023-09-04
CUST0127,Jamie Hollow,jamie.hollow127@example.test,+1-555-651-9947,2025-05-20
CUST0128,Morgan Ivy,morgan.ivy128@example.test,+1-555-324-5471,2024-06-11
CUST0129,Quinn Briar,quinn.briar129@example.test,+1-555-498-6507,2025-10-01
CUST0130,Jamie Dale,jamie.dale130@example.test,+1-555-960-8657,2022-09-19
CUST0131,Skyler Juniper,skyler.juniper131@example.test,+1-555-127-7455,2025-04-27
CUST0132,Skyler Briar,skyler.briar132@example.test,+1-555-185-8022,2022-10-05
CUST0133,Quinn Dale,quinn.dale133@example.test,+1-555-151-5262,2024-02-16
CUST0134,Taylor Ember,taylor.ember134@example.test,+1-555-565-6355,2023-11-23
CUST0135,Jamie Fern,jamie.fern135@example.test,+1-555-870-7906,2023-06-01
CUST0136,Casey Ivy,casey.ivy136@example.test,+1-555-119-9837,2022-04-17
CUST0137,Taylor Ember,taylor.ember137@example.test,+1-555-765-2124,2025-08-27
CUST0138,Avery Briar,avery.briar138@example.test,+1-555-353-4266,2022-02-11
CUST0139,Skyler Dale,skyler.dale139@example.test,+1-555-344-3068,2024-08-27
CUST0140,Casey Lark,casey.lark140@example.test,+1-555-323-8619,2025-12-03
CUST0141,Riley Grove,riley.grove141@example.test,+1-555-271-2876,2022-12-02
CUST0142,Riley Cove,riley.cove142@example.test,+1-555-692-1420,2023-10-01
CUST0143,Skyler Hollow,skyler.hollow143@example.test,+1-555-506-4249,2022-06-05
CUST0144,Skyler Ember,skyler.ember144@example.test,+1-555-204-5941,2025-11-02
CUST0145,Skyler Cove,skyler.cove145@example.test,+1-555-915-1672,2023-12-13
CUST0146,Rowan Hollow,rowan.hollow146@example.test,+1-555-777-7071,2022-05-22
CUST0147,Rowan Grove,rowan.grove147@example.test,+1-555-112-7882,2024-09-30
CUST0148,Casey Hollow,casey.hollow148@example.test,+1-555-470-8532,2025-12-19
CUST0149,Jordan Hollow,jordan.hollow149@example.test,+1-555-280-9548,2025-08-25
CUST0150,Riley Lark,riley.lark150@example.test,+1-555-927-9817,2024-09-17
CUST0151,Quinn Hollow,quinn.hollow151@example.test,+1-555-945-5397,2023-10-23
CUST0152,Morgan Cove,morgan.cove152@example.test,+1-555-385-8385,2023-05-15
CUST0153,Quinn Lark,quinn.lark153@example.test,+1-555-724-7209,2023-11-20
CUST0154,Avery Ivy,avery.ivy154@example.test,+1-555-971-6325,2023-01-08
CUST0155,Quinn Ember,quinn.ember155@example.test,+1-555-463-5232,2023-11-29
CUST0156,Riley Lark,riley.lark156@example.test,+1-555-818-5526,2025-02-12
CUST0157,Avery Juniper,avery.juniper157@example.test,+1-555-295-2402,2023-05-10
CUST0158,Jamie Ivy,jamie.ivy158@example.test,+1-555-668-4937,2025-11-15
CUST0159,Quinn Ivy,quinn.ivy159@example.test,+1-555-558-1282,2022-07-10
CUST0160,Riley Ember,riley.ember160@example.test,+1-555-514-4986,2023-09-20
CUST0161,Skyler Grove,skyler.grove161@example.test,+1-555-584-9698,2023-12-06
CUST0162,Jamie Juniper,jamie.juniper162@example.test,+1-555-438-6764,2025-12-10
CUST0163,Quinn Fern,quinn.fern163@example.test,+1-555-413-5118,2023-04-18
CUST0164,Casey Ember,casey.ember164@example.test,+1-555-423-2958,2025-01-02
CUST0165,Jordan Ember,jordan.ember165@example.test,+1-555-321-8933,2023-07-21
CUST0166,Skyler Juniper,skyler.juniper166@example.test,+1-555-711-5636,2022-07-25
CUST0167,Morgan Fern,morgan.fern167@example.test,+1-555-332-6912,2023-01-03
CUST0168,Riley Briar,riley.briar168@example.test,+1-555-825-9751,2022-09-17
CUST0169,Riley Briar,riley.briar169@example.test,+1-555-155-5786,2025-11-29
CUST0170,Jordan Ivy,jordan.ivy170@example.test,+1-555-205-1200,2025-03-21
CUST0171,Riley Ivy,riley.ivy171@example.test,+1-555-590-8216,2023-11-29
CUST0172,Jordan Briar,jordan.briar172@example.test,+1-555-358-8827,2022-08-22
CUST0173,Casey Hollow,casey.hollow173@example.test,+1-555-603-2213,2025-03-27
CUST0174,Avery Dale,avery.dale174@example.test,+1-555-252-5978,2022-06-24
CUST0175,Morgan Cove,morgan.cove175@example.test,+1-555-671-7818,2025-05-26
CUST0176,Skyler Lark,skyler.lark176@example.test,+1-555-331-9561,2024-02-19
CUST0177,Quinn Ivy,quinn.ivy177@example.test,+1-555-404-8025,2023-09-18
CUST0178,Skyler Lark,skyler.lark178@example.test,+1-555-161-2625,2023-03-02
CUST0179,Morgan Fern,morgan.fern179@example.test,+1-555-776-2330,2022-11-18
CUST0180,Morgan Dale,morgan.dale180@example.test,+1-555-665-2229,2022-11-17
CUST0181,Avery Hollow,avery.hollow181@example.test,+1-555-561-8699,2023-08-20
CUST0182,Avery Ember,avery.ember182@example.test,+1-555-395-5632,2025-12-10
CUST0183,Quinn Cove,quinn.cove183@example.test,+1-555-803-4824,2023-06-26
CUST0184,Skyler Ember,skyler.ember184@example.test,+1-555-535-2880,2025-01-20
CUST0185,Morgan Dale,morgan.dale185@example.test,+1-555-372-3330,2022-05-27
CUST0186,Avery Dale,avery.dale186@example.test,+1-555-911-6039,2025-05-03
CUST0187,Skyler Fern,skyler.fern187@example.test,+1-555-549-3037,2024-08-17
CUST0188,Riley Hollow,riley.hollow188@example.test,+1-555-378-9199,2025-01-10
CUST0189,Quinn Ivy,quinn.ivy189@example.test,+1-555-182-1653,2024-06-03
CUST0190,Taylor Lark,taylor.lark190@example.test,+1-555-356-1423,2022-07-07
CUST0191,Morgan Lark,morgan.lark191@example.test,+1-555-701-1339,2025-10-08
CUST0192,Riley Lark,riley.lark192@example.test,+1-555-141-3870,2024-08-21
CUST0193,Rowan Ivy,rowan.ivy193@example.test,+1-555-384-3973,2025-04-13
CUST0194,Jamie Ivy,jamie.ivy194@example.test,+1-555-193-8700,2023-12-14
CUST0195,Jamie Grove,jamie.grove195@example.test,+1-555-428-2713,2022-11-26
CUST0196,Taylor Hollow,taylor.hollow196@example.test,+1-555-810-9117,2023-08-14
CUST0197,Jamie Juniper,jamie.juniper197@example.test,+1-555-137-8451,2022-06-30
CUST0198,Taylor Fern,taylor.fern198@example.test,+1-555-431-2899,2024-04-07
CUST0199,Rowan Briar,rowan.briar199@example.test,+1-555-773-9889,2024-08-04
CUST0200,Jamie Briar,jamie.briar200@example.test,+1-555-292-9494,2024-01-11
CUST0201,Skyler Ivy,skyler.ivy201@example.test,+1-555-740-8242,2022-04-16
CUST0202,Morgan Fern,morgan.fern202@example.test,+1-555-662-3146,2023-08-13
CUST0203,Quinn Ivy,quinn.ivy203@example.test,+1-555-224-1472,2025-07-14
CUST0204,Skyler Ember,skyler.ember204@example.test,+1-555-826-3594,2023-09-29
CUST0205,Rowan Briar,rowan.briar205@example.test,+1-555-665-7684,2022-07-10
CUST0206,Morgan Cove,morgan.cove206@example.test,+1-555-572-2924,2025-08-19
CUST0207,Jordan Ivy,jordan.ivy207@example.test,+1-555-833-5781,2024-11-08
CUST0208,Riley Hollow,riley.hollow208@example.test,+1-555-954-8905,2024-08-25
CUST0209,Morgan Ivy,morgan.ivy209@example.test,+1-555-664-3369,2024-02-25
CUST0210,Morgan Lark,morgan.lark210@example.test,+1-555-620-3236,2022-05-23
CUST0211,Riley Hollow,riley.hollow211@example.test,+1-555-448-9318,2023-07-02
CUST0212,Avery Fern,avery.fern212@example.test,+1-555-843-5891,2025-04-17
CUST0213,Skyler Ivy,skyler.ivy213@example.test,+1-555-986-3434,2024-07-03
CUST0214,Rowan Ivy,rowan.ivy214@example.test,+1-555-453-6446,2025-02-04
CUST0215,Rowan Hollow,rowan.hollow215@example.test,+1-555-566-6272,2023-01-22
CUST0216,Morgan Lark,morgan.lark216@example.test,+1-555-492-4826,2024-04-21
CUST0217,Avery Grove,avery.grove217@example.test,+1-555-862-8749,2025-12-15
CUST0218,Jamie Hollow,jamie.hollow218@example.test,+1-555-779-3492,2024-10-11
CUST0219,Avery Dale,avery.dale219@example.test,+1-555-614-6439,2022-07-25
CUST0220,Quinn Cove,quinn.cove220@example.test,+1-555-638-8486,2022-02-01
CUST0221,Jordan Hollow,jordan.hollow221@example.test,+1-555-991-3529,2022-06-03
CUST0222,Quinn Fern,quinn.fern222@example.test,+1-555-446-7512,2025-08-23
CUST0223,Casey Grove,casey.grove223@example.test,+1-555-972-9742,2024-02-18
CUST0224,Taylor Ivy,taylor.ivy224@example.test,+1-555-993-9864,2022-03-15
CUST0225,Skyler Cove,skyler.cove225@example.test,+1-555-340-5708,2023-04-11
CUST0226,Casey Hollow,casey.hollow226@example.test,+1-555-200-2646,2024-06-27
CUST0227,Jordan Fern,jordan.fern227@example.test,+1-555-129-1753,2023-10-27
CUST0228,Avery Fern,avery.fern228@example.test,+1-555-467-7141,2024-06-01
CUST0229,Jordan Ember,jordan.ember229@example.test,+1-555-643-7751,2025-03-05
CUST0230,Jordan Dale,jordan.dale230@example.test,+1-555-279-2293,2025-06-02
CUST0231,Jamie Lark,jamie.lark231@example.test,+1-555-799-4945,2024-10-16
CUST0232,Skyler Dale,skyler.dale232@example.test,+1-555-337-8555,2025-07-30
CUST0233,Riley Ivy,riley.ivy233@example.test,+1-555-361-1153,2024-08-10
CUST0234,Riley Juniper,riley.juniper234@example.test,+1-555-261-2210,2024-06-23
CUST0235,Taylor Lark,taylor.lark235@example.test,+1-555-406-7951,2025-11-14
CUST0236,Riley Ivy,riley.ivy236@example.test,+1-555-965-5949,2023-02-12
CUST0237,Jamie Ivy,jamie.ivy237@example.test,+1-555-209-4886,2024-02-21
CUST0238,Skyler Grove,skyler.grove238@example.test,+1-555-688-5847,2025-12-03
CUST0239,Riley Briar,riley.briar239@example.test,+1-555-949-7484,2023-07-17
CUST0240,Avery Lark,avery.lark240@example.test,+1-555-985-1803,2025-05-26
CUST0241,Quinn Fern,quinn.fern241@example.test,+1-555-894-4770,2025-05-28
CUST0242,Taylor Ember,taylor.ember242@example.test,+1-555-751-4115,2025-06-25
CUST0243,Riley Dale,riley.dale243@example.test,+1-555-743-2591,2025-07-09
CUST0244,Avery Fern,avery.fern244@example.test,+1-555-907-8222,2022-03-10
CUST0245,Skyler Grove,skyler.grove245@example.test,+1-555-849-3153,2022-07-04
CUST0246,Riley Grove,riley.grove246@example.test,+1-555-865-7807,2022-12-26
CUST0247,Morgan Dale,morgan.dale247@example.test,+1-555-905-9837,2024-01-20
CUST0248,Rowan Juniper,rowan.juniper248@example.test,+1-555-379-3695,2023-06-11
CUST0249,Quinn Fern,quinn.fern249@example.test,+1-555-864-6549,2022-08-24
CUST0250,Quinn Cove,quinn.cove250@example.test,+1-555-244-4696,2025-10-17
CUST0251,Jamie Juniper,jamie.juniper251@example.test,+1-555-474-2479,2024-03-19
CUST0252,Avery Fern,avery.fern252@example.test,+1-555-649-3024,2024-07-20
CUST0253,Taylor Fern,taylor.fern253@example.test,+1-555-698-7242,2025-07-31
CUST0254,Taylor Cove,taylor.cove254@example.test,+1-555-791-4830,2024-08-23
CUST0255,Avery Lark,avery.lark255@example.test,+1-555-674-6374,2025-06-03
CUST0256,Morgan Cove,morgan.cove256@example.test,+1-555-750-8606,2025-12-06
CUST0257,Riley Hollow,riley.hollow257@example.test,+1-555-219-3290,2022-04-03
CUST0258,Avery Fern,avery.fern258@example.test,+1-555-604-2902,2022-07-19
CUST0259,Morgan Juniper,morgan.juniper259@example.test,+1-555-238-7367,2024-07-18
CUST0260,Taylor Juniper,taylor.juniper260@example.test,+1-555-529-3531,2024-04-29
CUST0261,Casey Ivy,casey.ivy261@example.test,+1-555-730-7686,2023-07-27
CUST0262,Avery Grove,avery.grove262@example.test,+1-555-322-8264,2024-06-29
CUST0263,Morgan Grove,morgan.grove263@example.test,+1-555-201-7018,2025-01-20
CUST0264,Taylor Briar,taylor.briar264@example.test,+1-555-507-5520,2023-01-24
CUST0265,Casey Ivy,casey.ivy265@example.test,+1-555-193-4475,2025-08-07
CUST0266,Skyler Briar,skyler.briar266@example.test,+1-555-151-6464,2023-05-14
CUST0267,Jordan Lark,jordan.lark267@example.test,+1-555-310-2124,2025-02-09
CUST0268,Morgan Lark,morgan.lark268@example.test,+1-555-321-4817,2023-11-04
CUST0269,Jordan Lark,jordan.lark269@example.test,+1-555-102-5542,2022-10-24
CUST0270,Jordan Juniper,jordan.juniper270@example.test,+1-555-356-3858,2022-08-14
CUST0271,Avery Dale,avery.dale271@example.test,+1-555-115-6869,2023-05-03
CUST0272,Skyler Grove,skyler.grove272@example.test,+1-555-116-3854,2023-06-28
CUST0273,Avery Dale,avery.dale273@example.test,+1-555-859-7897,2024-12-13
CUST0274,Casey Cove,casey.cove274@example.test,+1-555-587-8344,2024-01-12
CUST0275,Rowan Lark,rowan.lark275@example.test,+1-555-211-8405,2024-10-28
CUST0276,Morgan Lark,morgan.lark276@example.test,+1-555-144-9543,2023-09-10
CUST0277,Quinn Briar,quinn.briar277@example.test,+1-555-162-8847,2024-04-02
CUST0278,Jamie Cove,jamie.cove278@example.test,+1-555-602-8267,2022-05-31
CUST0279,Casey Grove,casey.grove279@example.test,+1-555-722-3430,2022-05-15
CUST0280,Jordan Fern,jordan.fern280@example.test,+1-555-739-9984,2025-12-29
CUST0281,Taylor Hollow,taylor.hollow281@example.test,+1-555-711-9692,2023-08-27
CUST0282,Quinn Juniper,quinn.juniper282@example.test,+1-555-719-8048,2022-07-23
CUST0283,Casey Juniper,casey.juniper283@example.test,+1-555-838-4522,2024-05-30
CUST0284,Quinn Ember,quinn.ember284@example.test,+1-555-523-6553,2024-07-17
CUST0285,Jamie Hollow,jamie.hollow285@example.test,+1-555-847-2557,2023-10-03
CUST0286,Jamie Grove,jamie.grove286@example.test,+1-555-781-5176,2024-02-06
CUST0287,Jordan Ivy,jordan.ivy287@example.test,+1-555-168-2494,2022-06-24
CUST0288,Casey Hollow,casey.hollow288@example.test,+1-555-198-7105,2022-09-24
CUST0289,Rowan Briar,rowan.briar289@example.test,+1-555-700-6400,2025-10-04
CUST0290,Casey Hollow,casey.hollow290@example.test,+1-555-462-7929,2022-04-16
CUST0291,Riley Lark,riley.lark291@example.test,+1-555-419-6761,2022-08-01
CUST0292,Skyler Juniper,skyler.juniper292@example.test,+1-555-317-3535,2025-09-06
CUST0293,Quinn Ember,quinn.ember293@example.test,+1-555-967-2773,2023-12-19
CUST0294,Rowan Grove,rowan.grove294@example.test,+1-555-217-5564,2025-03-21
CUST0295,Morgan Hollow,morgan.hollow295@example.test,+1-555-965-1430,2025-06-01
CUST0296,Riley Briar,riley.briar296@example.test,+1-555-284-5477,2025-12-10
CUST0297,Riley Grove,riley.grove297@example.test,+1-555-459-1100,2023-01-07
CUST0298,Jordan Lark,jordan.lark298@example.test,+1-555-773-7566,2022-05-23
CUST0299,Jordan Briar,jordan.briar299@example.test,+1-555-193-9691,2023-03-17
CUST0300,Jamie Hollow,jamie.hollow300@example.test,+1-555-564-6585,2022-11-19
