product_id,product_name,category,subcategory,brand,description,price,available_sizes,available_colors,stock_quantity,warranty_period,returnable,product_rating
PRD-001,Nimbus Portable Speaker,Electronics,Audio,Auralis,"The Nimbus Portable Speaker is designed for reliable everyday use, with practical materials and a thoughtful, durable finish.",68.49,,"Navy, Grey, Red",107,2 years,Yes,4.4
PRD-002,Harbor Wireless Earbuds,Electronics,Audio,Auralis,"The Harbor Wireless Earbuds is designed for reliable everyday use, with practical materials and a thoughtful, durable finish.",43.20,,"Black, Blue, White",94,6 months,Yes,4.0
PRD-003,Orbit Studio Microphone,Electronics,Audio,Auralis,"The Orbit Studio Microphone is designed for reliable everyday use, with practical materials and a thoughtful, durable finish.",96.68,,"White, Beige, Teal",61,1 year,Yes,3.9
PRD-004,Cedar Wireless Earbuds,Electronics,Audio,Auralis,"The Cedar Wireless Earbuds is designed for reliable everyday use, with practical materials and a thoughtful, durable finish.",73.92,,"Black, Blue, White",44,2 years,Yes,4.5
PRD-005,Solace Studio Microphone,Electronics,Audio,Auralis,"The Solace Studio Microphone is designed for reliable everyday use, with practical materials and a thoughtful, durable finish.",103.36,,"Navy, Grey, Red",13,6 months,Yes,4.1
PRD-006,Nova Wireless Earbuds,Electronics,Audio,Auralis,"The Nova Wireless Earbuds is designed for reliable everyday use, with practical materials and a thoughtful, durable finish.",19.25,,"Navy, Grey, Red",35,6 months,Yes,4.6
PRD-007,Pioneer Portable Speaker,Electronics,Audio,Auralis,"The Pioneer Portable Speaker is designed for reliable everyday use, with practical materials and a thoughtful, durable finish.",71.16,,"Black, Blue, White",71,2 years,Yes,4.2
PRD-008,Atlas Noise-Canceling Headphones,Electronics,Audio,Auralis,"The Atlas Noise-Canceling Headphones is designed for reliable everyday use, with practical materials and a thoughtful, durable finish.",79.59,,"Charcoal, Green, Sand",72,2 years,Yes,4.7
PRD-009,Willow Portable Speaker,Electronics,Audio,Auralis,"The Willow Portable Speaker is designed for reliable everyday use, with practical materials and a thoughtful, durable finish.",29.68,,"Black, Blue, White",63,6 months,Yes,4.2
PRD-010,Lumen Wireless Earbuds,Electronics,Audio,Auralis,"The Lumen Wireless Earbuds is designed for reliable everyday use, with practical materials and a thoughtful, durable finish.",157.66,,"White, Beige, Teal",81,1 year,Yes,4.5
PRD-011,Summit Studio Microphone,Electronics,Audio,Auralis,"The Summit Studio Microphone is designed for reliable everyday use, with practical materials and a thoughtful, durable finish.",64.90,,"White, Beige, Teal",10,1 year,Yes,3.8
PRD-012,Meadow Studio Microphone,Electronics,Audio,Auralis,"The Meadow Studio Microphone is designed for reliable everyday use, with practical materials and a thoughtful, durable finish.",152.79,,"Navy, Grey, Red",19,1 year,Yes,4.7
PRD-013,Ember Noise-Canceling Headphones,Electronics,Audio,Auralis,"The Ember Noise-Canceling Headphones is designed for reliable everyday use, with practical materials and a thoughtful, durable finish.",88.58,,"White, Beige, Teal",75,6 months,Yes,4.1
PRD-014,Coast Portable Speaker,Electronics,Audio,Auralis,"The Coast Portable Speaker is designed for reliable everyday use, with practical materials and a thoughtful, durable finish.",138.82,,"Charcoal, Green, Sand",50,6 months,Yes,3.7
PRD-015,Sage Wireless Earbuds,Electronics,Audio,Auralis,"The Sage Wireless Earbuds is designed for reliable everyday use, with practical materials and a thoughtful, durable finish.",103.96,,"Charcoal, Green, Sand",107,1 year,Yes,4.1
PRD-016,Drift Noise-Canceling Headphones,Electronics,Audio,Auralis,"The Drift Noise-Canceling Headphones is designed for reliable everyday use, with practical materials and a thoughtful, durable finish.",56.28,,"Charcoal, Green, Sand",40,6 months,Yes,3.8
PRD-017,Echo Noise-Canceling Headphones,Electronics,Audio,Auralis,"The Echo Noise-Canceling Headphones is designed for reliable everyday use, with practical materials and a thoughtful, durable finish.",141.15,,"Black, Blue, White",30,2 years,Yes,4.2
PRD-018,Terra Studio Microphone,Electronics,Audio,Auralis,"The Terra Studio Microphone is designed for reliable everyday use, with practical materials and a thoughtful, durable finish.",128.34,,"Navy, Grey, Red",118,2 years,Yes,4.0
PRD-019,Aster Studio Microphone,Electronics,Audio,Auralis,"The Aster Studio Microphone is designed for reliable everyday use, with practical materials and a thoughtful, durable finish.",29.06,,"White, Beige, Teal",88,1 year,Yes,4.6
PRD-020,Brook Wireless Earbuds,Electronics,Audio,Auralis,"The Brook Wireless Earbuds is designed for reliable everyday use, with practical materials and a thoughtful, durable finish.",75.01,,"Black, Blue, White",47,1 year,Yes,4.2
PRD-021,Nimbus Fleece Hoodie,Clothing,Outerwear,Threadline,"The Nimbus Fleece Hoodie is designed for reliable everyday use, with practical materials and a thoughtful, durable finish.",77.74,"XS,S,M,L,XL","Navy, Grey, Red",17,No warranty,Yes,4.4
PRD-022,Harbor Fleece Hoodie,Clothing,Outerwear,Threadline,"The Harbor Fleece Hoodie is designed for reliable everyday use, with practical materials and a thoughtful, durable finish.",117.63,"XS,S,M,L,XL","White, Beige, Teal",67,No warranty,Yes,4.4
PRD-023,Orbit Fleece Hoodie,Clothing,Outerwear,Threadline,"The Orbit Fleece Hoodie is designed for reliable everyday use, with practical materials and a thoughtful, durable finish.",90.86,"XS,S,M,L,XL","Charcoal, Green, Sand",49,No warranty,Yes,4.4
PRD-024,Cedar Rain Jacket,Clothing,Outerwear,Threadline,"The Cedar Rain Jacket is designed for reliable everyday use, with practical materials and a thoughtful, durable finish.",173.15,"XS,S,M,L,XL","White, Beige, Teal",21,No warranty,Yes,4.7
PRD-025,Solace Denim Jacket,Clothing,Outerwear,Threadline,"The Solace Denim Jacket is designed for reliable everyday use, with practical materials and a thoughtful, durable finish.",177.15,"XS,S,M,L,XL","Black, Blue, White",72,No warranty,Yes,4.4
PRD-026,Nova Fleece Hoodie,Clothing,Outerwear,Threadline,"The Nova Fleece Hoodie is designed for reliable everyday use, with practical materials and a thoughtful, durable finish.",58.13,"XS,S,M,L,XL","White, Beige, Teal",64,No warranty,Yes,4.3
PRD-027,Pioneer Rain Jacket,Clothing,Outerwear,Threadline,"The Pioneer Rain Jacket is designed for reliable everyday use, with practical materials and a thoughtful, durable finish.",76.95,"XS,S,M,L,XL","Navy, Grey, Red",57,No warranty,Yes,4.1
PRD-028,Atlas Denim Jacket,Clothing,Outerwear,Threadline,"The Atlas Denim Jacket is designed for reliable everyday use, with practical materials and a thoughtful, durable finish.",127.98,"XS,S,M,L,XL","Black, Blue, White",109,No warranty,Yes,4.4
PRD-029,Willow Denim Jacket,Clothing,Outerwear,Threadline,"The Willow Denim Jacket is designed for reliable everyday use, with practical materials and a thoughtful, durable finish.",28.68,"XS,S,M,L,XL","Black, Blue, White",79,No warranty,Yes,4.5
PRD-030,Lumen Denim Jacket,Clothing,Outerwear,Threadline,"The Lumen Denim Jacket is designed for reliable everyday use, with practical materials and a thoughtful, durable finish.",58.82,"XS,S,M,L,XL","Charcoal, Green, Sand",50,No warranty,Yes,3.7
PRD-031,Summit Rain Jacket,Clothing,Outerwear,Threadline,"The Summit Rain Jacket is designed for reliable everyday use, with practical materials and a thoughtful, durable finish.",166.51,"XS,S,M,L,XL","Navy, Grey, Red",91,No warranty,Yes,4.5
PRD-032,Meadow Quilted Vest,Clothing,Outerwear,Threadline,"The Meadow Quilted Vest is designed for reliable everyday use, with practical materials and a thoughtful, durable finish.",38.89,"XS,S,M,L,XL","Black, Blue, White",47,No warranty,Yes,4.3
PRD-033,Ember Denim Jacket,Clothing,Outerwear,Threadline,"The Ember Denim Jacket is designed for reliable everyday use, with practical materials and a thoughtful, durable finish.",149.74,"XS,S,M,L,XL","Black, Blue, White",90,No warranty,Yes,4.5
PRD-034,Coast Denim Jacket,Clothing,Outerwear,Threadline,"The Coast Denim Jacket is designed for reliable everyday use, with practical materials and a thoughtful, durable finish.",20.95,"XS,S,M,L,XL","Navy, Grey, Red",31,No warranty,Yes,4.8
PRD-035,Sage Denim Jacket,Clothing,Outerwear,Threadline,"The Sage Denim Jacket is designed for reliable everyday use, with practical materials and a thoughtful, durable finish.",171.52,"XS,S,M,L,XL","White, Beige, Teal",32,No warranty,Yes,3.9
PRD-036,Drift Rain Jacket,Clothing,Outerwear,Threadline,"The Drift Rain Jacket is designed for reliable everyday use, with practical materials and a thoughtful, durable finish.",43.10,"XS,S,M,L,XL","Navy, Grey, Red",116,No warranty,Yes,4.6
PRD-037,Echo Fleece Hoodie,Clothing,Outerwear,Threadline,"The Echo Fleece Hoodie is designed for reliable everyday use, with practical materials and a thoughtful, durable finish.",125.23,"XS,S,M,L,XL","Charcoal, Green, Sand",84,No warranty,Yes,4.1
PRD-038,Terra Rain Jacket,Clothing,Outerwear,Threadline,"The Terra Rain Jacket is designed for reliable everyday use, with practical materials and a thoughtful, durable finish.",47.30,"XS,S,M,L,XL","Charcoal, Green, Sand",100,No warranty,Yes,4.2
PRD-039,Aster Quilted Vest,Clothing,Outerwear,Threadline,"The Aster Quilted Vest is designed for reliable everyday use, with practical materials and a thoughtful, durable finish.",77.02,"XS,S,M,L,XL","Charcoal, Green, Sand",64,No warranty,Yes,4.4
PRD-040,Brook Quilted Vest,Clothing,Outerwear,Threadline,"The Brook Quilted Vest is designed for reliable everyday use, with practical materials and a thoughtful, durable finish.",55.91,"XS,S,M,L,XL","Charcoal, Green, Sand",47,No warranty,Yes,4.9
PRD-041,Nimbus Training Shoe,Footwear,Running Shoes,Strideway,"The Nimbus Training Shoe is designed for reliable everyday use, with practical materials and a thoughtful, durable finish.",164.44,"7,8,9,10,11","Charcoal, Green, Sand",55,No warranty,Yes,4.5
PRD-042,Harbor Training Shoe,Footwear,Running Shoes,Strideway,"The Harbor Training Shoe is designed for reliable everyday use, with practical materials and a thoughtful, durable finish.",92.79,"7,8,9,10,11","Navy, Grey, Red",107,No warranty,Yes,4.1
PRD-043,Orbit Training Shoe,Footwear,Running Shoes,Strideway,"The Orbit Training Shoe is designed for reliable everyday use, with practical materials and a thoughtful, durable finish.",174.54,"7,8,9,10,11","Charcoal, Green, Sand",110,No warranty,Yes,4.4
PRD-044,Cedar Walking Shoe,Footwear,Running Shoes,Strideway,"The Cedar Walking Shoe is designed for reliable everyday use, with practical materials and a thoughtful, durable finish.",26.45,"7,8,9,10,11","White, Beige, Teal",119,No warranty,Yes,4.1
PRD-045,Solace Daily Runner,Footwear,Running Shoes,Strideway,"The Solace Daily Runner is designed for reliable everyday use, with practical materials and a thoughtful, durable finish.",133.25,"7,8,9,10,11","Black, Blue, White",44,No warranty,Yes,3.7
PRD-046,Nova Trail Runner,Footwear,Running Shoes,Strideway,"The Nova Trail Runner is designed for reliable everyday use, with practical materials and a thoughtful, durable finish.",62.19,"7,8,9,10,11","Charcoal, Green, Sand",114,No warranty,Yes,4.2
PRD-047,Pioneer Trail Runner,Footwear,Running Shoes,Strideway,"The Pioneer Trail Runner is designed for reliable everyday use, with practical materials and a thoughtful, durable finish.",150.31,"7,8,9,10,11","Navy, Grey, Red",11,No warranty,Yes,4.1
PRD-048,Atlas Training Shoe,Footwear,Running Shoes,Strideway,"The Atlas Training Shoe is designed for reliable everyday use, with practical materials and a thoughtful, durable finish.",99.33,"7,8,9,10,11","Charcoal, Green, Sand",57,No warranty,Yes,4.9
PRD-049,Willow Walking Shoe,Footwear,Running Shoes,Strideway,"The Willow Walking Shoe is designed for reliable everyday use, with practical materials and a thoughtful, durable finish.",54.38,"7,8,9,10,11","Navy, Grey, Red",20,No warranty,Yes,4.7
PRD-050,Lumen Walking Shoe,Footwear,Running Shoes,Strideway,"The Lumen Walking Shoe is designed for reliable everyday use, with practical materials and a thoughtful, durable finish.",146.20,"7,8,9,10,11","Charcoal, Green, Sand",12,No warranty,Yes,4.0
PRD-051,Summit Training Shoe,Footwear,Running Shoes,Strideway,"The Summit Training Shoe is designed for reliable everyday use, with practical materials and a thoughtful, durable finish.",130.76,"7,8,9,10,11","Charcoal, Green, Sand",105,No warranty,Yes,4.5
PRD-052,Meadow Training Shoe,Footwear,Running Shoes,Strideway,"The Meadow Training Shoe is designed for reliable everyday use, with practical materials and a thoughtful, durable finish.",117.69,"7,8,9,10,11","Black, Blue, White",10,No warranty,Yes,3.9
PRD-053,Ember Trail Runner,Footwear,Running Shoes,Strideway,"The Ember Trail Runner is designed for reliable everyday use, with practical materials and a thoughtful, durable finish.",106.91,"7,8,9,10,11","White, Beige, Teal",22,No warranty,Yes,4.6
PRD-054,Coast Trail Runner,Footwear,Running Shoes,Strideway,"The Coast Trail Runner is designed for reliable everyday use, with practical materials and a thoughtful, durable finish.",66.79,"7,8,9,10,11","Black, Blue, White",38,No warranty,Yes,4.1
PRD-055,Sage Training Shoe,Footwear,Running Shoes,Strideway,"The Sage Training Shoe is designed for reliable everyday use, with practical materials and a thoughtful, durable finish.",28.17,"7,8,9,10,11","White, Beige, Teal",84,No warranty,Yes,4.3
PRD-056,Drift Trail Runner,Footwear,Running Shoes,Strideway,"The Drift Trail Runner is designed for reliable everyday use, with practical materials and a thoughtful, durable finish.",134.40,"7,8,9,10,11","Navy, Grey, Red",62,No warranty,Yes,3.6
PRD-057,Echo Walking Shoe,Footwear,Running Shoes,Strideway,"The Echo Walking Shoe is designed for reliable everyday use, with practical materials and a thoughtful, durable finish.",56.97,"7,8,9,10,11","White, Beige, Teal",31,No warranty,Yes,4.5
PRD-058,Terra Daily Runner,Footwear,Running Shoes,Strideway,"The Terra Daily Runner is designed for reliable everyday use, with practical materials and a thoughtful, durable finish.",102.80,"7,8,9,10,11","Navy, Grey, Red",16,No warranty,Yes,4.8
PRD-059,Aster Daily Runner,Footwear,Running Shoes,Strideway,"The Aster Daily Runner is designed for reliable everyday use, with practical materials and a thoughtful, durable finish.",81.25,"7,8,9,10,11","White, Beige, Teal",13,No warranty,Yes,4.4
PRD-060,Brook Walking Shoe,Footwear,Running Shoes,Strideway,"The Brook Walking Shoe is designed for reliable everyday use, with practical materials and a thoughtful, durable finish.",59.09,"7,8,9,10,11","Black, Blue, White",53,No warranty,Yes,4.6
PRD-061,Nimbus Electric Kettle,Home Appliances,Small Appliances,Hearthwise,"The Nimbus Electric Kettle is designed for reliable everyday use, with practical materials and a thoughtful, durable finish.",57.06,,"Black, Blue, White",106,2 years,Yes,4.6
PRD-062,Harbor Electric Kettle,Home Appliances,Small Appliances,Hearthwise,"The Harbor Electric Kettle is designed for reliable everyday use, with practical materials and a thoughtful, durable finish.",39.61,,"Navy, Grey, Red",77,1 year,Yes,4.7
PRD-063,Orbit Air Fryer,Home Appliances,Small Appliances,Hearthwise,"The Orbit Air Fryer is designed for reliable everyday use, with practical materials and a thoughtful, durable finish.",152.52,,"White, Beige, Teal",97,1 year,Yes,4.4
PRD-064,Cedar Air Fryer,Home Appliances,Small Appliances,Hearthwise,"The Cedar Air Fryer is designed for reliable everyday use, with practical materials and a thoughtful, durable finish.",28.22,,"White, Beige, Teal",12,1 year,Yes,3.9
PRD-065,Solace Air Fryer,Home Appliances,Small Appliances,Hearthwise,"The Solace Air Fryer is designed for reliable everyday use, with practical materials and a thoughtful, durable finish.",161.50,,"Navy, Grey, Red",47,2 years,Yes,4.1
PRD-066,Nova Coffee Grinder,Home Appliances,Small Appliances,Hearthwise,"The Nova Coffee Grinder is designed for reliable everyday use, with practical materials and a thoughtful, durable finish.",59.04,,"Charcoal, Green, Sand",44,1 year,Yes,4.7
PRD-067,Pioneer Compact Blender,Home Appliances,Small Appliances,Hearthwise,"The Pioneer Compact Blender is designed for reliable everyday use, with practical materials and a thoughtful, durable finish.",158.26,,"Navy, Grey, Red",42,6 months,Yes,4.6
PRD-068,Atlas Coffee Grinder,Home Appliances,Small Appliances,Hearthwise,"The Atlas Coffee Grinder is designed for reliable everyday use, with practical materials and a thoughtful, durable finish.",162.10,,"White, Beige, Teal",57,1 year,Yes,4.9
PRD-069,Willow Coffee Grinder,Home Appliances,Small Appliances,Hearthwise,"The Willow Coffee Grinder is designed for reliable everyday use, with practical materials and a thoughtful, durable finish.",130.12,,"Navy, Grey, Red",110,2 years,Yes,3.9
PRD-070,Lumen Compact Blender,Home Appliances,Small Appliances,Hearthwise,"The Lumen Compact Blender is designed for reliable everyday use, with practical materials and a thoughtful, durable finish.",135.79,,"Black, Blue, White",63,2 years,Yes,4.9
PRD-071,Summit Air Fryer,Home Appliances,Small Appliances,Hearthwise,"The Summit Air Fryer is designed for reliable everyday use, with practical materials and a thoughtful, durable finish.",106.37,,"Navy, Grey, Red",21,6 months,Yes,4.0
PRD-072,Meadow Electric Kettle,Home Appliances,Small Appliances,Hearthwise,"The Meadow Electric Kettle is designed for reliable everyday use, with practical materials and a thoughtful, durable finish.",67.65,,"White, Beige, Teal",29,2 years,Yes,4.2
PRD-073,Ember Coffee Grinder,Home Appliances,Small Appliances,Hearthwise,"The Ember Coffee Grinder is designed for reliable everyday use, with practical materials and a thoughtful, durable finish.",24.86,,"Navy, Grey, Red",86,1 year,Yes,4.0
PRD-074,Coast Compact Blender,Home Appliances,Small Appliances,Hearthwise,"The Coast Compact Blender is designed for reliable everyday use, with practical materials and a thoughtful, durable finish.",30.16,,"White, Beige, Teal",54,2 years,Yes,4.6
PRD-075,Sage Air Fryer,Home Appliances,Small Appliances,Hearthwise,"The Sage Air Fryer is designed for reliable everyday use, with practical materials and a thoughtful, durable finish.",172.35,,"Charcoal, Green, Sand",116,2 years,Yes,4.5
PRD-076,Drift Coffee Grinder,Home Appliances,Small Appliances,Hearthwise,"The Drift Coffee Grinder is designed for reliable everyday use, with practical materials and a thoughtful, durable finish.",23.64,,"Black, Blue, White",38,2 years,Yes,4.1
PRD-077,Echo Coffee Grinder,Home Appliances,Small Appliances,Hearthwise,"The Echo Coffee Grinder is designed for reliable everyday use, with practical materials and a thoughtful, durable finish.",171.81,,"Black, Blue, White",85,6 months,Yes,4.5
PRD-078,Terra Electric Kettle,Home Appliances,Small Appliances,Hearthwise,"The Terra Electric Kettle is designed for reliable everyday use, with practical materials and a thoughtful, durable finish.",78.27,,"Black, Blue, White",81,6 months,Yes,4.3
PRD-079,Aster Coffee Grinder,Home Appliances,Small Appliances,Hearthwise,"The Aster Coffee Grinder is designed for reliable everyday use, with practical materials and a thoughtful, durable finish.",68.93,,"Navy, Grey, Red",39,6 months,Yes,3.6
PRD-080,Brook Air Fryer,Home Appliances,Small Appliances,Hearthwise,"The Brook Air Fryer is designed for reliable everyday use, with practical materials and a thoughtful, durable finish.",98.85,,"White, Beige, Teal",79,6 months,Yes,3.9
PRD-081,Nimbus Night Cream,Beauty,Skin Care,Lumina,"The Nimbus Night Cream is designed for reliable everyday use, with practical materials and a thoughtful, durable finish.",132.05,,"Charcoal, Green, Sand",86,No warranty,Yes,4.0
PRD-082,Harbor Vitamin C Set,Beauty,Skin Care,Lumina,"The Harbor Vitamin C Set is designed for reliable everyday use, with practical materials and a thoughtful, durable finish.",50.43,,"Charcoal, Green, Sand",117,No warranty,Yes,3.7
PRD-083,Orbit Gentle Cleanser,Beauty,Skin Care,Lumina,"The Orbit Gentle Cleanser is designed for reliable everyday use, with practical materials and a thoughtful, durable finish.",163.59,,"White, Beige, Teal",19,No warranty,Yes,4.7
PRD-084,Cedar Night Cream,Beauty,Skin Care,Lumina,"The Cedar Night Cream is designed for reliable everyday use, with practical materials and a thoughtful, durable finish.",126.19,,"Black, Blue, White",78,No warranty,Yes,4.3
PRD-085,Solace Night Cream,Beauty,Skin Care,Lumina,"The Solace Night Cream is designed for reliable everyday use, with practical materials and a thoughtful, durable finish.",155.92,,"Charcoal, Green, Sand",109,No warranty,Yes,4.1
PRD-086,Nova Gentle Cleanser,Beauty,Skin Care,Lumina,"The Nova Gentle Cleanser is designed for reliable everyday use, with practical materials and a thoughtful, durable finish.",37.66,,"Charcoal, Green, Sand",109,No warranty,Yes,3.8
PRD-087,Pioneer Vitamin C Set,Beauty,Skin Care,Lumina,"The Pioneer Vitamin C Set is designed for reliable everyday use, with practical materials and a thoughtful, durable finish.",22.26,,"Navy, Grey, Red",67,No warranty,Yes,4.6
PRD-088,Atlas Gentle Cleanser,Beauty,Skin Care,Lumina,"The Atlas Gentle Cleanser is designed for reliable everyday use, with practical materials and a thoughtful, durable finish.",117.14,,"Black, Blue, White",16,No warranty,Yes,4.0
PRD-089,Willow Vitamin C Set,Beauty,Skin Care,Lumina,"The Willow Vitamin C Set is designed for reliable everyday use, with practical materials and a thoughtful, durable finish.",103.16,,"White, Beige, Teal",113,No warranty,Yes,4.3
PRD-090,Lumen Gentle Cleanser,Beauty,Skin Care,Lumina,"The Lumen Gentle Cleanser is designed for reliable everyday use, with practical materials and a thoughtful, durable finish.",175.53,,"Black, Blue, White",65,No warranty,Yes,4.2
PRD-091,Summit Night Cream,Beauty,Skin Care,Lumina,"The Summit Night Cream is designed for reliable everyday use, with practical materials and a thoughtful, durable finish.",38.79,,"Charcoal, Green, Sand",106,No warranty,Yes,4.9
PRD-092,Meadow Vitamin C Set,Beauty,Skin Care,Lumina,"The Meadow Vitamin C Set is designed for reliable everyday use, with practical materials and a thoughtful, durable finish.",99.46,,"Black, Blue, White",114,No warranty,Yes,3.8
PRD-093,Ember Gentle Cleanser,Beauty,Skin Care,Lumina,"The Ember Gentle Cleanser is designed for reliable everyday use, with practical materials and a thoughtful, durable finish.",67.27,,"Charcoal, Green, Sand",49,No warranty,Yes,4.8
PRD-094,Coast Gentle Cleanser,Beauty,Skin Care,Lumina,"The Coast Gentle Cleanser is designed for reliable everyday use, with practical materials and a thoughtful, durable finish.",74.06,,"Navy, Grey, Red",116,No warranty,Yes,3.7
PRD-095,Sage Gentle Cleanser,Beauty,Skin Care,Lumina,"The Sage Gentle Cleanser is designed for reliable everyday use, with practical materials and a thoughtful, durable finish.",120.88,,"Navy, Grey, Red",24,No warranty,Yes,4.4
PRD-096,Drift Hydrating Serum,Beauty,Skin Care,Lumina,"The Drift Hydrating Serum is designed for reliable everyday use, with practical materials and a thoughtful, durable finish.",99.42,,"Charcoal, Green, Sand",83,No warranty,Yes,4.8
PRD-097,Echo Gentle Cleanser,Beauty,Skin Care,Lumina,"The Echo Gentle Cleanser is designed for reliable everyday use, with practical materials and a thoughtful, durable finish.",45.73,,"Navy, Grey, Red",115,No warranty,Yes,4.8
PRD-098,Terra Hydrating Serum,Beauty,Skin Care,Lumina,"The Terra Hydrating Serum is designed for reliable everyday use, with practical materials and a thoughtful, durable finish.",151.69,,"Black, Blue, White",18,No warranty,Yes,3.7
PRD-099,Aster Night Cream,Beauty,Skin Care,Lumina,"The Aster Night Cream is designed for reliable everyday use, with practical materials and a thoughtful, durable finish.",123.48,,"White, Beige, Teal",87,No warranty,Yes,4.4
PRD-100,Brook Vitamin C Set,Beauty,Skin Care,Lumina,"The Brook Vitamin C Set is designed for reliable everyday use, with practical materials and a thoughtful, durable finish.",162.02,,"Navy, Grey, Red",90,No warranty,Yes,4.8
PRD-101,Nimbus Canvas Tote,Accessories,Bags,Wayfinder,"The Nimbus Canvas Tote is designed for reliable everyday use, with practical materials and a thoughtful, durable finish.",57.67,,"White, Beige, Teal",46,No warranty,Yes,4.2
PRD-102,Harbor Travel Backpack,Accessories,Bags,Wayfinder,"The Harbor Travel Backpack is designed for reliable everyday use, with practical materials and a thoughtful, durable finish.",43.61,,"White, Beige, Teal",69,No warranty,Yes,4.2
PRD-103,Orbit Laptop Sleeve,Accessories,Bags,Wayfinder,"The Orbit Laptop Sleeve is designed for reliable everyday use, with practical materials and a thoughtful, durable finish.",116.28,,"Navy, Grey, Red",118,No warranty,Yes,4.5
PRD-104,Cedar Laptop Sleeve,Accessories,Bags,Wayfinder,"The Cedar Laptop Sleeve is designed for reliable everyday use, with practical materials and a thoughtful, durable finish.",176.01,,"Charcoal, Green, Sand",105,No warranty,Yes,4.1
PRD-105,Solace Travel Backpack,Accessories,Bags,Wayfinder,"The Solace Travel Backpack is designed for reliable everyday use, with practical materials and a thoughtful, durable finish.",69.70,,"White, Beige, Teal",23,No warranty,Yes,3.9
PRD-106,Nova Crossbody Bag,Accessories,Bags,Wayfinder,"The Nova Crossbody Bag is designed for reliable everyday use, with practical materials and a thoughtful, durable finish.",40.82,,"Black, Blue, White",45,No warranty,Yes,4.8
PRD-107,Pioneer Canvas Tote,Accessories,Bags,Wayfinder,"The Pioneer Canvas Tote is designed for reliable everyday use, with practical materials and a thoughtful, durable finish.",58.22,,"Charcoal, Green, Sand",112,No warranty,Yes,4.0
PRD-108,Atlas Laptop Sleeve,Accessories,Bags,Wayfinder,"The Atlas Laptop Sleeve is designed for reliable everyday use, with practical materials and a thoughtful, durable finish.",48.75,,"Charcoal, Green, Sand",71,No warranty,Yes,4.9
PRD-109,Willow Canvas Tote,Accessories,Bags,Wayfinder,"The Willow Canvas Tote is designed for reliable everyday use, with practical materials and a thoughtful, durable finish.",98.80,,"Navy, Grey, Red",71,No warranty,Yes,3.6
PRD-110,Lumen Canvas Tote,Accessories,Bags,Wayfinder,"The Lumen Canvas Tote is designed for reliable everyday use, with practical materials and a thoughtful, durable finish.",99.88,,"Charcoal, Green, Sand",35,No warranty,Yes,4.4
PRD-111,Summit Travel Backpack,Accessories,Bags,Wayfinder,"The Summit Travel Backpack is designed for reliable everyday use, with practical materials and a thoughtful, durable finish.",26.19,,"White, Beige, Teal",84,No warranty,Yes,4.7
PRD-112,Meadow Canvas Tote,Accessories,Bags,Wayfinder,"The Meadow Canvas Tote is designed for reliable everyday use, with practical materials and a thoughtful, durable finish.",64.29,,"Black, Blue, White",116,No warranty,Yes,3.7
PRD-113,Ember Crossbody Bag,Accessories,Bags,Wayfinder,"The Ember Crossbody Bag is designed for reliable everyday use, with practical materials and a thoughtful, durable finish.",160.96,,"Navy, Grey, Red",105,No warranty,Yes,4.1
PRD-114,Coast Travel Backpack,Accessories,Bags,Wayfinder,"The Coast Travel Backpack is designed for reliable everyday use, with practical materials and a thoughtful, durable finish.",82.89,,"Charcoal, Green, Sand",54,No warranty,Yes,4.3
PRD-115,Sage Travel Backpack,Accessories,Bags,Wayfinder,"The Sage Travel Backpack is designed for reliable everyday use, with practical materials and a thoughtful, durable finish.",80.59,,"White, Beige, Teal",105,No warranty,Yes,4.3
PRD-116,Drift Travel Backpack,Accessories,Bags,Wayfinder,"The Drift Travel Backpack is designed for reliable everyday use, with practical materials and a thoughtful, durable finish.",38.84,,"Black, Blue, White",58,No warranty,Yes,4.1
PRD-117,Echo Laptop Sleeve,Accessories,Bags,Wayfinder,"The Echo Laptop Sleeve is designed for reliable everyday use, with practical materials and a thoughtful, durable finish.",108.37,,"Navy, Grey, Red",104,No warranty,Yes,3.8
PRD-118,Terra Canvas Tote,Accessories,Bags,Wayfinder,"The Terra Canvas Tote is designed for reliable everyday use, with practical materials and a thoughtful, durable finish.",99.01,,"Black, Blue, White",12,No warranty,Yes,3.8
PRD-119,Aster Laptop Sleeve,Accessories,Bags,Wayfinder,"The Aster Laptop Sleeve is designed for reliable everyday use, with practical materials and a thoughtful, durable finish.",148.24,,"White, Beige, Teal",27,No warranty,Yes,4.4
PRD-120,Brook Crossbody Bag,Accessories,Bags,Wayfinder,"The Brook Crossbody Bag is designed for reliable everyday use, with practical materials and a thoughtful, durable finish.",71.13,,"Navy, Grey, Red",28,No warranty,Yes,4.1
PRD-121,Nimbus Foam Roller,Sports,Fitness,Peakform,"The Nimbus Foam Roller is designed for reliable everyday use, with practical materials and a thoughtful, durable finish.",114.18,,"White, Beige, Teal",98,No warranty,Yes,4.3
PRD-122,Harbor Insulated Bottle,Sports,Fitness,Peakform,"The Harbor Insulated Bottle is designed for reliable everyday use, with practical materials and a thoughtful, durable finish.",150.15,,"Navy, Grey, Red",50,No warranty,Yes,4.5
PRD-123,Orbit Insulated Bottle,Sports,Fitness,Peakform,"The Orbit Insulated Bottle is designed for reliable everyday use, with practical materials and a thoughtful, durable finish.",112.56,,"Black, Blue, White",84,No warranty,Yes,4.2
PRD-124,Cedar Resistance Band Set,Sports,Fitness,Peakform,"The Cedar Resistance Band Set is designed for reliable everyday use, with practical materials and a thoughtful, durable finish.",134.87,,"White, Beige, Teal",29,No warranty,Yes,4.3
PRD-125,Solace Insulated Bottle,Sports,Fitness,Peakform,"The Solace Insulated Bottle is designed for reliable everyday use, with practical materials and a thoughtful, durable finish.",41.94,,"Charcoal, Green, Sand",12,No warranty,Yes,4.3
PRD-126,Nova Yoga Mat,Sports,Fitness,Peakform,"The Nova Yoga Mat is designed for reliable everyday use, with practical materials and a thoughtful, durable finish.",48.91,,"White, Beige, Teal",48,No warranty,Yes,4.1
PRD-127,Pioneer Insulated Bottle,Sports,Fitness,Peakform,"The Pioneer Insulated Bottle is designed for reliable everyday use, with practical materials and a thoughtful, durable finish.",129.86,,"White, Beige, Teal",72,No warranty,Yes,4.6
PRD-128,Atlas Insulated Bottle,Sports,Fitness,Peakform,"The Atlas Insulated Bottle is designed for reliable everyday use, with practical materials and a thoughtful, durable finish.",159.40,,"Black, Blue, White",98,No warranty,Yes,3.8
PRD-129,Willow Resistance Band Set,Sports,Fitness,Peakform,"The Willow Resistance Band Set is designed for reliable everyday use, with practical materials and a thoughtful, durable finish.",108.86,,"White, Beige, Teal",75,No warranty,Yes,4.1
PRD-130,Lumen Resistance Band Set,Sports,Fitness,Peakform,"The Lumen Resistance Band Set is designed for reliable everyday use, with practical materials and a thoughtful, durable finish.",92.47,,"Navy, Grey, Red",77,No warranty,Yes,4.1
PRD-131,Summit Foam Roller,Sports,Fitness,Peakform,"The Summit Foam Roller is designed for reliable everyday use, with practical materials and a thoughtful, durable finish.",116.83,,"Charcoal, Green, Sand",39,No warranty,Yes,4.0
PRD-132,Meadow Foam Roller,Sports,Fitness,Peakform,"The Meadow Foam Roller is designed for reliable everyday use, with practical materials and a thoughtful, durable finish.",54.43,,"Navy, Grey, Red",106,No warranty,Yes,4.0
PRD-133,Ember Resistance Band Set,Sports,Fitness,Peakform,"The Ember Resistance Band Set is designed for reliable everyday use, with practical materials and a thoughtful, durable finish.",129.82,,"White, Beige, Teal",48,No warranty,Yes,4.2
PRD-134,Coast Foam Roller,Sports,Fitness,Peakform,"The Coast Foam Roller is designed for reliable everyday use, with practical materials and a thoughtful, durable finish.",64.62,,"White, Beige, Teal",58,No warranty,Yes,4.7
PRD-135,Sage Resistance Band Set,Sports,Fitness,Peakform,"The Sage Resistance Band Set is designed for reliable everyday use, with practical materials and a thoughtful, durable finish.",65.05,,"Navy, Grey, Red",99,No warranty,Yes,3.7
PRD-136,Drift Insulated Bottle,Sports,Fitness,Peakform,"The Drift Insulated Bottle is designed for reliable everyday use, with practical materials and a thoughtful, durable finish.",124.27,,"White, Beige, Teal",35,No warranty,Yes,3.9
PRD-137,Echo Foam Roller,Sports,Fitness,Peakform,"The Echo Foam Roller is designed for reliable everyday use, with practical materials and a thoughtful, durable finish.",169.15,,"Navy, Grey, Red",25,No warranty,Yes,3.7
PRD-138,Terra Resistance Band Set,Sports,Fitness,Peakform,"The Terra Resistance Band Set is designed for reliable everyday use, with practical materials and a thoughtful, durable finish.",57.28,,"Charcoal, Green, Sand",89,No warranty,Yes,3.9
PRD-139,Aster Yoga Mat,Sports,Fitness,Peakform,"The Aster Yoga Mat is designed for reliable everyday use, with practical materials and a thoughtful, durable finish.",84.95,,"White, Beige, Teal",20,No warranty,Yes,4.5
PRD-140,Brook Resistance Band Set,Sports,Fitness,Peakform,"The Brook Resistance Band Set is designed for reliable everyday use, with practical materials and a thoughtful, durable finish.",18.84,,"Charcoal, Green, Sand",60,No warranty,Yes,4.4
PRD-141,Nimbus Glass Storage Set,Home & Kitchen,Kitchenware,Cedar & Co.,"The Nimbus Glass Storage Set is designed for reliable everyday use, with practical materials and a thoughtful, durable finish.",95.35,,"Charcoal, Green, Sand",104,No warranty,Yes,4.9
PRD-142,Harbor Cast Iron Pan,Home & Kitchen,Kitchenware,Cedar & Co.,"The Harbor Cast Iron Pan is designed for reliable everyday use, with practical materials and a thoughtful, durable finish.",64.24,,"Black, Blue, White",106,No warranty,Yes,3.7
PRD-143,Orbit Bamboo Organizer,Home & Kitchen,Kitchenware,Cedar & Co.,"The Orbit Bamboo Organizer is designed for reliable everyday use, with practical materials and a thoughtful, durable finish.",104.69,,"Black, Blue, White",30,No warranty,Yes,4.1
PRD-144,Cedar Bamboo Organizer,Home & Kitchen,Kitchenware,Cedar & Co.,"The Cedar Bamboo Organizer is designed for reliable everyday use, with practical materials and a thoughtful, durable finish.",169.30,,"Black, Blue, White",115,No warranty,Yes,4.1
PRD-145,Solace Glass Storage Set,Home & Kitchen,Kitchenware,Cedar & Co.,"The Solace Glass Storage Set is designed for reliable everyday use, with practical materials and a thoughtful, durable finish.",48.18,,"Navy, Grey, Red",120,No warranty,Yes,3.6
PRD-146,Nova Cast Iron Pan,Home & Kitchen,Kitchenware,Cedar & Co.,"The Nova Cast Iron Pan is designed for reliable everyday use, with practical materials and a thoughtful, durable finish.",110.01,,"Black, Blue, White",50,No warranty,Yes,4.0
PRD-147,Pioneer Glass Storage Set,Home & Kitchen,Kitchenware,Cedar & Co.,"The Pioneer Glass Storage Set is designed for reliable everyday use, with practical materials and a thoughtful, durable finish.",162.06,,"Charcoal, Green, Sand",116,No warranty,Yes,4.3
PRD-148,Atlas Cast Iron Pan,Home & Kitchen,Kitchenware,Cedar & Co.,"The Atlas Cast Iron Pan is designed for reliable everyday use, with practical materials and a thoughtful, durable finish.",49.24,,"Black, Blue, White",50,No warranty,Yes,3.8
PRD-149,Willow Glass Storage Set,Home & Kitchen,Kitchenware,Cedar & Co.,"The Willow Glass Storage Set is designed for reliable everyday use, with practical materials and a thoughtful, durable finish.",123.02,,"Charcoal, Green, Sand",9,No warranty,Yes,4.6
PRD-150,Lumen Cast Iron Pan,Home & Kitchen,Kitchenware,Cedar & Co.,"The Lumen Cast Iron Pan is designed for reliable everyday use, with practical materials and a thoughtful, durable finish.",109.98,,"Charcoal, Green, Sand",30,No warranty,Yes,4.4
PRD-151,Summit Glass Storage Set,Home & Kitchen,Kitchenware,Cedar & Co.,"The Summit Glass Storage Set is designed for reliable everyday use, with practical materials and a thoughtful, durable finish.",151.97,,"Navy, Grey, Red",19,No warranty,Yes,4.1
PRD-152,Meadow Ceramic Mug Set,Home & Kitchen,Kitchenware,Cedar & Co.,"The Meadow Ceramic Mug Set is designed for reliable everyday use, with practical materials and a thoughtful, durable finish.",47.93,,"Charcoal, Green, Sand",69,No warranty,Yes,4.0
PRD-153,Ember Bamboo Organizer,Home & Kitchen,Kitchenware,Cedar & Co.,"The Ember Bamboo Organizer is designed for reliable everyday use, with practical materials and a thoughtful, durable finish.",19.11,,"White, Beige, Teal",38,No warranty,Yes,4.2
PRD-154,Coast Cast Iron Pan,Home & Kitchen,Kitchenware,Cedar & Co.,"The Coast Cast Iron Pan is designed for reliable everyday use, with practical materials and a thoughtful, durable finish.",172.55,,"Navy, Grey, Red",82,No warranty,Yes,4.5
PRD-155,Sage Ceramic Mug Set,Home & Kitchen,Kitchenware,Cedar & Co.,"The Sage Ceramic Mug Set is designed for reliable everyday use, with practical materials and a thoughtful, durable finish.",60.37,,"Navy, Grey, Red",96,No warranty,Yes,3.9
PRD-156,Drift Ceramic Mug Set,Home & Kitchen,Kitchenware,Cedar & Co.,"The Drift Ceramic Mug Set is designed for reliable everyday use, with practical materials and a thoughtful, durable finish.",93.39,,"Charcoal, Green, Sand",59,No warranty,Yes,4.5
PRD-157,Echo Cast Iron Pan,Home & Kitchen,Kitchenware,Cedar & Co.,"The Echo Cast Iron Pan is designed for reliable everyday use, with practical materials and a thoughtful, durable finish.",129.83,,"Navy, Grey, Red",55,No warranty,Yes,4.4
PRD-158,Terra Bamboo Organizer,Home & Kitchen,Kitchenware,Cedar & Co.,"The Terra Bamboo Organizer is designed for reliable everyday use, with practical materials and a thoughtful, durable finish.",173.09,,"White, Beige, Teal",27,No warranty,Yes,4.2
PRD-159,Aster Cast Iron Pan,Home & Kitchen,Kitchenware,Cedar & Co.,"The Aster Cast Iron Pan is designed for reliable everyday use, with practical materials and a thoughtful, durable finish.",85.37,,"White, Beige, Teal",104,No warranty,Yes,4.3
PRD-160,Brook Bamboo Organizer,Home & Kitchen,Kitchenware,Cedar & Co.,"The Brook Bamboo Organizer is designed for reliable everyday use, with practical materials and a thoughtful, durable finish.",141.42,,"Black, Blue, White",75,No warranty,Yes,4.2
